colonia_id,colonia_nombre,municipio,lat,lon
COL-001,Colonia García 1,García,25.80509963755643,-100.59531841427057
COL-002,Colonia García 2,García,25.823301960371808,-100.62419450655864
COL-003,Colonia García 3,García,25.79500015519153,-100.58018248220577
COL-004,Colonia García 4,García,25.790636124633558,-100.60534299878681
COL-005,Colonia Juárez 1,Juárez,25.664331943227584,-100.07892495077846
COL-006,Colonia Juárez 2,Juárez,25.65621905071317,-100.12148412828085
COL-007,Colonia Juárez 3,Juárez,25.661757399536384,-100.10933930876082
COL-008,Colonia Juárez 4,Juárez,25.64297859929215,-100.08279463501006
COL-009,Colonia General 1,General Escobedo,25.788986623660406,-100.35171450930252
COL-010,Colonia General 2,General Escobedo,25.80318115529454,-100.31064402418885
COL-011,Colonia General 3,General Escobedo,25.773377268557983,-100.31323918545226
COL-012,Colonia General 4,General Escobedo,25.77809891706082,-100.34630266994684
COL-013,Colonia Monterrey 1,Monterrey (Topo Chico),25.72355223918501,-100.33860940511379
COL-014,Colonia Monterrey 2,Monterrey (Topo Chico),25.75499919181695,-100.33224762251686
COL-015,Colonia Monterrey 3,Monterrey (Topo Chico),25.73884158803947,-100.36602824914489
COL-016,Colonia Monterrey 4,Monterrey (Topo Chico),25.741224709421747,-100.31229941458388
COL-017,Colonia Santa 1,Santa Catarina,25.682256947040038,-100.46305700599129
COL-018,Colonia Santa 2,Santa Catarina,25.687151723758724,-100.47230182782508
COL-019,Colonia Santa 3,Santa Catarina,25.67604769328785,-100.47212399809406
COL-020,Colonia Santa 4,Santa Catarina,25.694139034826428,-100.44898959171
