reporte_id,colonia_id,municipio,lat,lon,sexo,fecha
DES-001,COL-002,García,25.8277699682001,-100.62823156827535,Mujer,2026-07-14
DES-002,COL-003,García,25.792223077594564,-100.58696431780196,Mujer,2026-07-16
DES-003,COL-003,García,25.79621243430606,-100.58568679178072,Mujer,2026-09-19
DES-004,COL-003,García,25.790549953233675,-100.58337379933764,Hombre,2026-07-25
DES-005,COL-005,Juárez,25.65664607952847,-100.0744586876398,Mujer,2026-08-30
DES-006,COL-006,Juárez,25.653064818382514,-100.11473223836724,Mujer,2026-06-16
DES-007,COL-009,General Escobedo,25.78362928983473,-100.35031963384787,Mujer,2026-06-03
DES-008,COL-009,General Escobedo,25.79490642825841,-100.35536755403749,Mujer,2026-09-03
DES-009,COL-009,General Escobedo,25.78575365238764,-100.3479499613669,Hombre,2026-07-15
DES-010,COL-010,General Escobedo,25.807617618277046,-100.31553873031778,Mujer,2026-05-15
DES-011,COL-010,General Escobedo,25.807197313093397,-100.30459296238264,Mujer,2026-05-23
DES-012,COL-010,General Escobedo,25.794899946959188,-100.30693761718277,Mujer,2026-06-14
DES-013,COL-011,General Escobedo,25.774693150928815,-100.31375281929513,Hombre,2026-07-02
DES-014,COL-011,General Escobedo,25.768762353546357,-100.30815716316057,Mujer,2026-07-10
DES-015,COL-012,General Escobedo,25.779092241558427,-100.35080107090646,Mujer,2026-06-20
DES-016,COL-012,General Escobedo,25.7776298141206,-100.35000454517454,Mujer,2026-08-29
DES-017,COL-013,Monterrey (Topo Chico),25.718742184390724,-100.3424036171166,Hombre,2026-08-26
DES-018,COL-013,Monterrey (Topo Chico),25.71927641332266,-100.33407270602012,Mujer,2026-06-27
DES-019,COL-013,Monterrey (Topo Chico),25.722277291425666,-100.33986921779044,Hombre,2026-07-27
DES-020,COL-014,Monterrey (Topo Chico),25.75176651992703,-100.32382682750877,Mujer,2026-04-06
DES-021,COL-015,Monterrey (Topo Chico),25.73696633087401,-100.3753697997566,Mujer,2026-04-28
DES-022,COL-017,Santa Catarina,25.690878066861686,-100.46526148576658,Mujer,2026-06-21
DES-023,COL-018,Santa Catarina,25.67989910402589,-100.46992037388193,Hombre,2026-08-27
DES-024,COL-018,Santa Catarina,25.685379535508385,-100.47896495751303,Mujer,2026-07-23
DES-025,COL-018,Santa Catarina,25.685509027735517,-100.47880490085798,Hombre,2026-09-11
DES-026,COL-018,Santa Catarina,25.683829697706567,-100.4672996602774,Mujer,2026-09-15
DES-027,COL-018,Santa Catarina,25.686196980470147,-100.46638443401157,Mujer,2026-05-24
DES-028,COL-020,Santa Catarina,25.696202372511717,-100.44180723673873,Mujer,2026-09-18
DES-029,COL-020,Santa Catarina,25.701213793871833,-100.44355258203471,Hombre,2026-05-11
DES-030,COL-020,Santa Catarina,25.696697681492264,-100.44223434230301,Hombre,2026-08-26
DES-031,COL-020,Santa Catarina,25.700847405682683,-100.44631598045099,Mujer,2026-07-02
