escuela_id,escuela_nombre,colonia_id,municipio,lat,lon,matricula,tasa_abandono_hombres_pct,tasa_abandono_mujeres_pct,adolescentes_imputados_180d
ESC-001,EMS Técnica Colonia García 1 #1,COL-001,García,25.80160294701123,-100.59309725075398,477,17.2,7.2,2
ESC-002,EMS Técnica Colonia García 1 #2,COL-001,García,25.798843055088874,-100.5975636838614,747,20.4,8.8,5
ESC-003,EMS Técnica Colonia García 2 #1,COL-002,García,25.826562348396887,-100.62006152314954,574,13.0,5.3,2
ESC-004,EMS Técnica Colonia García 2 #2,COL-002,García,25.818580093787897,-100.62714727959506,565,13.8,4.3,2
ESC-005,EMS Técnica Colonia García 3 #1,COL-003,García,25.800750180045686,-100.58145839934605,193,18.6,6.3,2
ESC-006,EMS Técnica Colonia García 3 #2,COL-003,García,25.800178699494612,-100.58179852376577,728,11.2,6.0,1
ESC-007,EMS Técnica Colonia García 4 #1,COL-004,García,25.79059664518081,-100.6120223086681,662,12.9,7.0,1
ESC-008,EMS Técnica Colonia García 4 #2,COL-004,García,25.794571466757187,-100.60226349790352,622,3.9,2.9,2
ESC-009,EMS Técnica Colonia Juárez 1 #1,COL-005,Juárez,25.65957924981526,-100.07796192098233,876,7.3,3.8,1
ESC-010,EMS Técnica Colonia Juárez 1 #2,COL-005,Juárez,25.66065253635945,-100.07978664210816,560,19.3,7.7,7
ESC-011,EMS Técnica Colonia Juárez 2 #1,COL-006,Juárez,25.65696103321703,-100.12289223194185,645,30.1,9.4,2
ESC-012,EMS Técnica Colonia Juárez 3 #1,COL-007,Juárez,25.659266932506263,-100.10390650073954,371,5.4,1.8,2
ESC-013,EMS Técnica Colonia Juárez 4 #1,COL-008,Juárez,25.645475981416137,-100.07795417735966,270,40.0,14.9,5
ESC-014,EMS Técnica Colonia General 1 #1,COL-009,General Escobedo,25.786591744568685,-100.35033197051213,239,2.2,1.2,0
ESC-015,EMS Técnica Colonia General 1 #2,COL-009,General Escobedo,25.78572963482347,-100.3469802699893,360,29.1,12.2,3
ESC-016,EMS Técnica Colonia General 2 #1,COL-010,General Escobedo,25.80794089037152,-100.31566668938714,566,16.8,12.0,5
ESC-017,EMS Técnica Colonia General 3 #1,COL-011,General Escobedo,25.77607631628654,-100.3201769275891,183,15.8,7.4,4
ESC-018,EMS Técnica Colonia General 3 #2,COL-011,General Escobedo,25.77307865074753,-100.3063224381233,434,24.7,6.0,2
ESC-019,EMS Técnica Colonia General 4 #1,COL-012,General Escobedo,25.775635777803434,-100.34477390089715,689,16.3,4.0,1
ESC-020,EMS Técnica Colonia Monterrey 1 #1,COL-013,Monterrey (Topo Chico),25.7185276178751,-100.33763943888812,359,23.3,5.9,2
ESC-021,EMS Técnica Colonia Monterrey 1 #2,COL-013,Monterrey (Topo Chico),25.723070796161455,-100.33562211556385,248,6.2,5.4,0
ESC-022,EMS Técnica Colonia Monterrey 2 #1,COL-014,Monterrey (Topo Chico),25.752451434962495,-100.33287233311043,753,16.6,9.4,4
ESC-023,EMS Técnica Colonia Monterrey 2 #2,COL-014,Monterrey (Topo Chico),25.75246986384244,-100.33244231181023,597,9.3,4.6,1
ESC-024,EMS Técnica Colonia Monterrey 3 #1,COL-015,Monterrey (Topo Chico),25.744309893346134,-100.36102797973449,474,8.0,4.1,1
ESC-025,EMS Técnica Colonia Monterrey 3 #2,COL-015,Monterrey (Topo Chico),25.741549272456222,-100.37142465046566,500,20.0,12.9,6
ESC-026,EMS Técnica Colonia Monterrey 4 #1,COL-016,Monterrey (Topo Chico),25.743837821298133,-100.31807180059761,430,1.2,1.2,0
ESC-027,EMS Técnica Colonia Santa 1 #1,COL-017,Santa Catarina,25.675746254439304,-100.46323796408257,327,26.7,22.5,6
ESC-028,EMS Técnica Colonia Santa 2 #1,COL-018,Santa Catarina,25.689165408817,-100.4707546255012,363,12.4,6.3,1
ESC-029,EMS Técnica Colonia Santa 3 #1,COL-019,Santa Catarina,25.671947643936683,-100.47423981889669,593,17.9,7.7,2
ESC-030,EMS Técnica Colonia Santa 4 #1,COL-020,Santa Catarina,25.697725746555076,-100.44865732811154,286,29.2,10.9,2
