incidente_id,colonia_id,municipio,lat,lon,tipo,sexo_adolescente_vinculado,fecha
INC-0001,COL-001,García,25.79704367154511,-100.589353584086,Lesiones,No aplica,2026-06-13
INC-0002,COL-001,García,25.79961892944544,-100.5866386358694,Lesiones,No aplica,2026-05-14
INC-0003,COL-001,García,25.803990386945966,-100.58577236112136,Portación/posesión ilícita de armas,No aplica,2026-05-21
INC-0004,COL-002,García,25.82930170793449,-100.63124464473077,Extorsión,No aplica,2026-09-07
INC-0005,COL-002,García,25.814385534003957,-100.62842621615029,Asociación delictuosa,No aplica,2026-04-19
INC-0006,COL-002,García,25.83085274940118,-100.6267391983903,Extorsión,No aplica,2026-09-08
INC-0007,COL-002,García,25.820585582209436,-100.61512878575753,Asociación delictuosa,No aplica,2026-04-13
INC-0008,COL-002,García,25.820390275468192,-100.61861766389411,Trata de personas,Mujer,2026-06-13
INC-0009,COL-002,García,25.82441089156852,-100.63441632135094,Lesiones,No aplica,2026-06-09
INC-0010,COL-002,García,25.827587969893074,-100.6267486651216,Robo de vehículos,No aplica,2026-09-14
INC-0011,COL-002,García,25.821312188125702,-100.63395839000292,Robo de vehículos,No aplica,2026-06-12
INC-0012,COL-002,García,25.81513475435341,-100.61772697710889,Asociación delictuosa,No aplica,2026-05-24
INC-0013,COL-003,García,25.80350708519658,-100.57508756810581,Robo de vehículos,No aplica,2026-05-25
INC-0014,COL-003,García,25.791990275578232,-100.58791424789054,Secuestro / privación de la libertad,Hombre,2026-09-16
INC-0015,COL-003,García,25.791320627472455,-100.5885337919332,Narcotráfico (narcomenudeo),Hombre,2026-07-06
INC-0016,COL-003,García,25.797212869463035,-100.59150592574612,Portación/posesión ilícita de armas,No aplica,2026-06-05
INC-0017,COL-003,García,25.794470003504046,-100.58429536077566,Robo de vehículos,No aplica,2026-05-23
INC-0018,COL-003,García,25.79131480038048,-100.57982347806889,Narcotráfico (narcomenudeo),Mujer,2026-07-18
INC-0019,COL-004,García,25.782274705957004,-100.59854831052647,Portación/posesión ilícita de armas,No aplica,2026-06-01
INC-0020,COL-004,García,25.783386504589444,-100.61225712126527,Secuestro / privación de la libertad,Hombre,2026-04-23
INC-0021,COL-004,García,25.793128615031684,-100.60246555377502,Extorsión,No aplica,2026-04-29
INC-0022,COL-004,García,25.784952101189166,-100.61553534740032,Extorsión,No aplica,2026-09-26
INC-0023,COL-004,García,25.781305491512544,-100.609742913903,Extorsión,No aplica,2026-08-18
INC-0024,COL-004,García,25.79108095520684,-100.59896450709938,Secuestro / privación de la libertad,Hombre,2026-08-19
INC-0025,COL-004,García,25.793436006977938,-100.61587770905552,Trata de personas,Hombre,2026-07-12
INC-0026,COL-004,García,25.787497837830948,-100.60355602553683,Narcotráfico (narcomenudeo),Mujer,2026-09-06
INC-0027,COL-004,García,25.80100620262459,-100.60871728191346,Portación/posesión ilícita de armas,No aplica,2026-05-01
INC-0028,COL-004,García,25.79290753660708,-100.61480890786288,Extorsión,No aplica,2026-05-15
INC-0029,COL-004,García,25.793726812311547,-100.61439515229821,Trata de personas,Mujer,2026-05-09
INC-0030,COL-004,García,25.793715782272074,-100.60650031834814,Portación/posesión ilícita de armas,No aplica,2026-08-27
INC-0031,COL-005,Juárez,25.666537829478667,-100.0792459802347,Secuestro / privación de la libertad,Hombre,2026-07-26
INC-0032,COL-005,Juárez,25.65448752060611,-100.08173619120171,Lesiones,No aplica,2026-04-08
INC-0033,COL-005,Juárez,25.663202203993514,-100.06889962225621,Extorsión,No aplica,2026-06-17
INC-0034,COL-005,Juárez,25.661431183024852,-100.08273921481208,Asociación delictuosa,No aplica,2026-07-11
INC-0035,COL-005,Juárez,25.665431329756554,-100.07550339347821,Narcotráfico (narcomenudeo),Hombre,2026-06-26
INC-0036,COL-005,Juárez,25.661240651226493,-100.08275120676502,Lesiones,No aplica,2026-05-13
INC-0037,COL-006,Juárez,25.660921376780404,-100.12906089559381,Robo de vehículos,No aplica,2026-08-18
INC-0038,COL-006,Juárez,25.657202683896344,-100.1281483438195,Portación/posesión ilícita de armas,No aplica,2026-05-13
INC-0039,COL-006,Juárez,25.657616990598306,-100.11981629468573,Portación/posesión ilícita de armas,No aplica,2026-08-01
INC-0040,COL-006,Juárez,25.661438071866677,-100.11632085271987,Lesiones,No aplica,2026-06-25
INC-0041,COL-006,Juárez,25.663547559508814,-100.12293336742853,Lesiones,No aplica,2026-08-27
INC-0042,COL-006,Juárez,25.66105347650415,-100.12340375961034,Robo de vehículos,No aplica,2026-07-16
INC-0043,COL-006,Juárez,25.65979893945808,-100.12964310229896,Narcotráfico (narcomenudeo),Mujer,2026-06-28
INC-0044,COL-006,Juárez,25.650996961300137,-100.12839915962317,Portación/posesión ilícita de armas,No aplica,2026-06-11
INC-0045,COL-006,Juárez,25.64943859732773,-100.12814694081486,Lesiones,No aplica,2026-06-29
INC-0046,COL-006,Juárez,25.66079801533724,-100.12969359426224,Extorsión,No aplica,2026-07-29
INC-0047,COL-006,Juárez,25.66095426053731,-100.12962349755469,Extorsión,No aplica,2026-04-11
INC-0048,COL-006,Juárez,25.662172969720867,-100.12012183319952,Portación/posesión ilícita de armas,No aplica,2026-07-01
INC-0049,COL-007,Juárez,25.65434351859113,-100.10500589673589,Narcotráfico (narcomenudeo),Hombre,2026-09-18
INC-0050,COL-007,Juárez,25.658824763449523,-100.10676452711452,Robo de vehículos,No aplica,2026-04-05
INC-0051,COL-007,Juárez,25.666454037559873,-100.11437359445114,Robo de vehículos,No aplica,2026-07-13
INC-0052,COL-007,Juárez,25.67045880834008,-100.10265501549921,Feminicidio y homicidio,Mujer,2026-05-16
INC-0053,COL-008,Juárez,25.646268119928333,-100.09361741068898,Secuestro / privación de la libertad,Hombre,2026-08-14
INC-0054,COL-008,Juárez,25.64440606399657,-100.08477291602121,Robo de vehículos,No aplica,2026-08-19
INC-0055,COL-008,Juárez,25.645493194528587,-100.07772459926763,Extorsión,No aplica,2026-05-03
INC-0056,COL-008,Juárez,25.637139441525754,-100.08257763281964,Narcotráfico (narcomenudeo),Hombre,2026-05-03
INC-0057,COL-008,Juárez,25.646037850855663,-100.09047432655774,Lesiones,No aplica,2026-05-01
INC-0058,COL-008,Juárez,25.644564285363348,-100.09180798922576,Narcotráfico (narcomenudeo),Hombre,2026-06-09
INC-0059,COL-008,Juárez,25.649140225445702,-100.07787288448357,Portación/posesión ilícita de armas,No aplica,2026-06-23
INC-0060,COL-008,Juárez,25.64582333764807,-100.081332133821,Lesiones,No aplica,2026-06-07
INC-0061,COL-009,General Escobedo,25.79623612085131,-100.35686610464501,Asociación delictuosa,No aplica,2026-05-07
INC-0062,COL-009,General Escobedo,25.789066248199884,-100.36361109800976,Feminicidio y homicidio,Mujer,2026-05-22
INC-0063,COL-009,General Escobedo,25.78731700041485,-100.36098769605455,Robo de vehículos,No aplica,2026-04-10
INC-0064,COL-009,General Escobedo,25.79356457191214,-100.34515809780667,Extorsión,No aplica,2026-05-20
INC-0065,COL-009,General Escobedo,25.794600691026204,-100.3601342299755,Lesiones,No aplica,2026-06-09
INC-0066,COL-009,General Escobedo,25.78388669546925,-100.34180785636126,Trata de personas,Mujer,2026-07-31
INC-0067,COL-009,General Escobedo,25.782263600641254,-100.35865307860671,Portación/posesión ilícita de armas,No aplica,2026-10-01
INC-0068,COL-009,General Escobedo,25.798514969375933,-100.3465308273441,Trata de personas,Mujer,2026-09-09
INC-0069,COL-009,General Escobedo,25.79709511861044,-100.35733909953389,Extorsión,No aplica,2026-08-09
INC-0070,COL-009,General Escobedo,25.798381760239565,-100.34770433883511,Narcotráfico (narcomenudeo),Hombre,2026-09-24
INC-0071,COL-009,General Escobedo,25.789553884842253,-100.34770798040489,Extorsión,No aplica,2026-07-02
INC-0072,COL-009,General Escobedo,25.784914234719018,-100.34248801783517,Extorsión,No aplica,2026-05-15
INC-0073,COL-009,General Escobedo,25.791279517841925,-100.35926157426933,Secuestro / privación de la libertad,Mujer,2026-04-11
INC-0074,COL-009,General Escobedo,25.796507063160142,-100.35487268755276,Robo de vehículos,No aplica,2026-07-05
INC-0075,COL-009,General Escobedo,25.783915287452935,-100.3596247728473,Robo de vehículos,No aplica,2026-04-27
INC-0076,COL-009,General Escobedo,25.789475739544102,-100.33990294869547,Portación/posesión ilícita de armas,No aplica,2026-04-07
INC-0077,COL-009,General Escobedo,25.79954790764592,-100.35380131095091,Robo de vehículos,No aplica,2026-04-30
INC-0078,COL-009,General Escobedo,25.783433522943042,-100.35358922986183,Trata de personas,Mujer,2026-07-10
INC-0079,COL-010,General Escobedo,25.810656329648214,-100.3165210081974,Extorsión,No aplica,2026-09-21
INC-0080,COL-010,General Escobedo,25.795443849745165,-100.30411971167393,Narcotráfico (narcomenudeo),Hombre,2026-07-23
INC-0081,COL-010,General Escobedo,25.81347831794057,-100.31427656002435,Extorsión,No aplica,2026-07-04
INC-0082,COL-010,General Escobedo,25.800017654394747,-100.31615641822594,Lesiones,No aplica,2026-04-20
INC-0083,COL-010,General Escobedo,25.807346398133724,-100.31676104792429,Secuestro / privación de la libertad,Hombre,2026-08-23
INC-0084,COL-010,General Escobedo,25.8071314578385,-100.3113340382934,Narcotráfico (narcomenudeo),Hombre,2026-07-04
INC-0085,COL-010,General Escobedo,25.79782095132979,-100.3037559938484,Feminicidio y homicidio,Hombre,2026-08-01
INC-0086,COL-010,General Escobedo,25.813159380173186,-100.3060608170719,Asociación delictuosa,No aplica,2026-09-07
INC-0087,COL-010,General Escobedo,25.807779092386138,-100.30198493098327,Robo de vehículos,No aplica,2026-09-13
INC-0088,COL-010,General Escobedo,25.81016868662905,-100.31570238978033,Lesiones,No aplica,2026-07-28
INC-0089,COL-011,General Escobedo,25.768198592449085,-100.32220787960995,Extorsión,No aplica,2026-09-23
INC-0090,COL-011,General Escobedo,25.769555386575618,-100.31618471210216,Extorsión,No aplica,2026-09-22
INC-0091,COL-011,General Escobedo,25.78109592830847,-100.31598750524924,Portación/posesión ilícita de armas,No aplica,2026-05-01
INC-0092,COL-011,General Escobedo,25.776823103237955,-100.31303154437606,Extorsión,No aplica,2026-09-11
INC-0093,COL-011,General Escobedo,25.7812221947683,-100.31750640671437,Lesiones,No aplica,2026-06-09
INC-0094,COL-011,General Escobedo,25.782133225832514,-100.30667065762432,Lesiones,No aplica,2026-07-24
INC-0095,COL-011,General Escobedo,25.76787994373797,-100.3071869516374,Narcotráfico (narcomenudeo),Hombre,2026-05-15
INC-0096,COL-011,General Escobedo,25.780336204851633,-100.31487737014425,Feminicidio y homicidio,Mujer,2026-09-21
INC-0097,COL-011,General Escobedo,25.772606044560852,-100.31534447831231,Robo de vehículos,No aplica,2026-04-23
INC-0098,COL-011,General Escobedo,25.76315232873941,-100.31017321893414,Portación/posesión ilícita de armas,No aplica,2026-05-29
INC-0099,COL-011,General Escobedo,25.76998570378209,-100.31242650313484,Narcotráfico (narcomenudeo),Hombre,2026-07-13
INC-0100,COL-011,General Escobedo,25.774204493213926,-100.31549230423245,Narcotráfico (narcomenudeo),Hombre,2026-08-25
INC-0101,COL-011,General Escobedo,25.774174312729436,-100.31912816786513,Narcotráfico (narcomenudeo),Mujer,2026-04-09
INC-0102,COL-011,General Escobedo,25.77328515745704,-100.31016772237687,Lesiones,No aplica,2026-08-08
INC-0103,COL-011,General Escobedo,25.76688734359204,-100.31693425102608,Robo de vehículos,No aplica,2026-07-05
INC-0104,COL-011,General Escobedo,25.76624262540462,-100.30983203353506,Narcotráfico (narcomenudeo),Mujer,2026-07-23
INC-0105,COL-011,General Escobedo,25.76990355445306,-100.30774663154456,Narcotráfico (narcomenudeo),Mujer,2026-08-21
INC-0106,COL-012,General Escobedo,25.774568832766427,-100.35474172232212,Portación/posesión ilícita de armas,No aplica,2026-07-19
INC-0107,COL-012,General Escobedo,25.77539927718592,-100.3510139428548,Lesiones,No aplica,2026-09-21
INC-0108,COL-012,General Escobedo,25.772456761155425,-100.34178426058027,Secuestro / privación de la libertad,Hombre,2026-08-31
INC-0109,COL-012,General Escobedo,25.778280403612587,-100.33953944844505,Narcotráfico (narcomenudeo),Hombre,2026-05-12
INC-0110,COL-012,General Escobedo,25.775692702400626,-100.34427345547402,Extorsión,No aplica,2026-07-02
INC-0111,COL-012,General Escobedo,25.776828199828625,-100.34782215619649,Lesiones,No aplica,2026-09-10
INC-0112,COL-012,General Escobedo,25.783529778855264,-100.3426195233432,Narcotráfico (narcomenudeo),Hombre,2026-04-06
INC-0113,COL-012,General Escobedo,25.776622874020177,-100.34606478452008,Secuestro / privación de la libertad,Hombre,2026-08-15
INC-0114,COL-012,General Escobedo,25.77463226892067,-100.34329740341803,Portación/posesión ilícita de armas,No aplica,2026-10-01
INC-0115,COL-012,General Escobedo,25.787301851429092,-100.34657651076944,Extorsión,No aplica,2026-04-18
INC-0116,COL-012,General Escobedo,25.77365606027434,-100.33748697531165,Lesiones,No aplica,2026-09-29
INC-0117,COL-012,General Escobedo,25.78072139224464,-100.35620076987361,Narcotráfico (narcomenudeo),Hombre,2026-06-24
INC-0118,COL-012,General Escobedo,25.77441518792869,-100.35168573374132,Portación/posesión ilícita de armas,No aplica,2026-04-06
INC-0119,COL-012,General Escobedo,25.777116748768076,-100.33502918124672,Narcotráfico (narcomenudeo),Hombre,2026-06-19
INC-0120,COL-012,General Escobedo,25.78446640033558,-100.35226833368267,Secuestro / privación de la libertad,Mujer,2026-06-18
INC-0121,COL-012,General Escobedo,25.774559313223588,-100.34465537855651,Lesiones,No aplica,2026-07-24
INC-0122,COL-012,General Escobedo,25.78182462916799,-100.34819901155223,Feminicidio y homicidio,Hombre,2026-09-09
INC-0123,COL-012,General Escobedo,25.76952552736621,-100.34326108811734,Secuestro / privación de la libertad,Hombre,2026-06-20
INC-0124,COL-013,Monterrey (Topo Chico),25.718726389635947,-100.32985784538029,Narcotráfico (narcomenudeo),Hombre,2026-04-23
INC-0125,COL-013,Monterrey (Topo Chico),25.73284891079219,-100.33610776088267,Robo de vehículos,No aplica,2026-10-01
INC-0126,COL-013,Monterrey (Topo Chico),25.72509158198501,-100.34750610700888,Portación/posesión ilícita de armas,No aplica,2026-08-26
INC-0127,COL-013,Monterrey (Topo Chico),25.72007434864079,-100.3390111947015,Feminicidio y homicidio,Hombre,2026-07-16
INC-0128,COL-013,Monterrey (Topo Chico),25.71643945237481,-100.33037299754452,Narcotráfico (narcomenudeo),Hombre,2026-05-21
INC-0129,COL-013,Monterrey (Topo Chico),25.73048090630973,-100.34670224441595,Secuestro / privación de la libertad,Mujer,2026-07-11
INC-0130,COL-013,Monterrey (Topo Chico),25.722521415200365,-100.34926854968303,Lesiones,No aplica,2026-09-27
INC-0131,COL-013,Monterrey (Topo Chico),25.72014053841532,-100.338806686369,Feminicidio y homicidio,Hombre,2026-08-25
INC-0132,COL-014,Monterrey (Topo Chico),25.747601961722015,-100.33206674189853,Narcotráfico (narcomenudeo),Hombre,2026-04-08
INC-0133,COL-014,Monterrey (Topo Chico),25.751255934996962,-100.32776365962546,Robo de vehículos,No aplica,2026-06-02
INC-0134,COL-014,Monterrey (Topo Chico),25.757261164182978,-100.33269592277844,Portación/posesión ilícita de armas,No aplica,2026-07-04
INC-0135,COL-014,Monterrey (Topo Chico),25.762163413057888,-100.32977797395117,Portación/posesión ilícita de armas,No aplica,2026-04-25
INC-0136,COL-014,Monterrey (Topo Chico),25.764737154547976,-100.32763050612986,Asociación delictuosa,No aplica,2026-09-12
INC-0137,COL-014,Monterrey (Topo Chico),25.753795224350768,-100.3418510613801,Asociación delictuosa,No aplica,2026-08-20
INC-0138,COL-015,Monterrey (Topo Chico),25.735218561741853,-100.36326529907781,Lesiones,No aplica,2026-08-17
INC-0139,COL-015,Monterrey (Topo Chico),25.735198919078336,-100.37051437023432,Robo de vehículos,No aplica,2026-09-12
INC-0140,COL-015,Monterrey (Topo Chico),25.737702960857245,-100.37066432312439,Narcotráfico (narcomenudeo),Hombre,2026-05-01
INC-0141,COL-016,Monterrey (Topo Chico),25.74398881408797,-100.31738320490709,Asociación delictuosa,No aplica,2026-05-06
INC-0142,COL-016,Monterrey (Topo Chico),25.74256987523884,-100.3168817154297,Extorsión,No aplica,2026-07-15
INC-0143,COL-016,Monterrey (Topo Chico),25.751701635200686,-100.31195283477503,Lesiones,No aplica,2026-07-28
INC-0144,COL-016,Monterrey (Topo Chico),25.731353504273667,-100.3150951395012,Narcotráfico (narcomenudeo),Hombre,2026-09-08
INC-0145,COL-016,Monterrey (Topo Chico),25.733560679262006,-100.30600804614856,Narcotráfico (narcomenudeo),Hombre,2026-07-29
INC-0146,COL-016,Monterrey (Topo Chico),25.73571000219986,-100.3062097638871,Extorsión,No aplica,2026-09-09
INC-0147,COL-016,Monterrey (Topo Chico),25.747635403223335,-100.31677356048863,Extorsión,No aplica,2026-08-30
INC-0148,COL-016,Monterrey (Topo Chico),25.739709022550503,-100.32087117449922,Portación/posesión ilícita de armas,No aplica,2026-04-13
INC-0149,COL-016,Monterrey (Topo Chico),25.749143318182256,-100.31221138875053,Narcotráfico (narcomenudeo),Hombre,2026-09-15
INC-0150,COL-017,Santa Catarina,25.68235825813568,-100.46362233492833,Extorsión,No aplica,2026-07-07
INC-0151,COL-017,Santa Catarina,25.691087088660897,-100.45620542592525,Feminicidio y homicidio,Hombre,2026-06-05
INC-0152,COL-017,Santa Catarina,25.679517676823487,-100.45747288535169,Portación/posesión ilícita de armas,No aplica,2026-06-16
INC-0153,COL-017,Santa Catarina,25.684518261411462,-100.46468023598017,Robo de vehículos,No aplica,2026-09-18
INC-0154,COL-017,Santa Catarina,25.68452311742131,-100.45533553189004,Asociación delictuosa,No aplica,2026-07-08
INC-0155,COL-017,Santa Catarina,25.68550394821069,-100.46542056848078,Lesiones,No aplica,2026-06-13
INC-0156,COL-017,Santa Catarina,25.678201132516374,-100.46176615083596,Secuestro / privación de la libertad,Hombre,2026-04-13
INC-0157,COL-017,Santa Catarina,25.67626654731226,-100.46989825586249,Narcotráfico (narcomenudeo),Hombre,2026-06-29
INC-0158,COL-017,Santa Catarina,25.675480401030125,-100.46301738616002,Asociación delictuosa,No aplica,2026-08-01
INC-0159,COL-017,Santa Catarina,25.67226482798951,-100.45993864467098,Narcotráfico (narcomenudeo),Hombre,2026-06-23
INC-0160,COL-017,Santa Catarina,25.68819072969983,-100.46145238921102,Robo de vehículos,No aplica,2026-08-31
INC-0161,COL-017,Santa Catarina,25.6780119032503,-100.45398450444989,Feminicidio y homicidio,Hombre,2026-09-15
INC-0162,COL-017,Santa Catarina,25.68504535116484,-100.47059221455034,Lesiones,No aplica,2026-06-01
INC-0163,COL-017,Santa Catarina,25.675524799667294,-100.46931520039627,Robo de vehículos,No aplica,2026-04-07
INC-0164,COL-018,Santa Catarina,25.69059892990561,-100.4742979484364,Asociación delictuosa,No aplica,2026-05-02
INC-0165,COL-018,Santa Catarina,25.692520359022346,-100.4702751104866,Secuestro / privación de la libertad,Hombre,2026-05-21
INC-0166,COL-018,Santa Catarina,25.683188982740536,-100.4715158148561,Narcotráfico (narcomenudeo),Hombre,2026-08-26
INC-0167,COL-018,Santa Catarina,25.682730912437076,-100.46821071595114,Secuestro / privación de la libertad,Mujer,2026-04-12
INC-0168,COL-018,Santa Catarina,25.696030046089266,-100.47209630799752,Narcotráfico (narcomenudeo),Hombre,2026-06-26
INC-0169,COL-018,Santa Catarina,25.678180852896293,-100.47795095002188,Asociación delictuosa,No aplica,2026-06-25
INC-0170,COL-019,Santa Catarina,25.67397201083816,-100.46671466204053,Extorsión,No aplica,2026-05-28
INC-0171,COL-019,Santa Catarina,25.669154425724003,-100.46626900885221,Extorsión,No aplica,2026-09-11
INC-0172,COL-019,Santa Catarina,25.68127426001526,-100.47495215614177,Robo de vehículos,No aplica,2026-07-23
INC-0173,COL-019,Santa Catarina,25.674531226317427,-100.47797752685948,Narcotráfico (narcomenudeo),Mujer,2026-07-12
INC-0174,COL-019,Santa Catarina,25.676576434146238,-100.48128736870875,Portación/posesión ilícita de armas,No aplica,2026-04-05
INC-0175,COL-019,Santa Catarina,25.67093657471932,-100.47730370576531,Secuestro / privación de la libertad,Hombre,2026-08-11
INC-0176,COL-019,Santa Catarina,25.680415226425872,-100.4749535326458,Extorsión,No aplica,2026-08-28
INC-0177,COL-019,Santa Catarina,25.6858072547408,-100.4717295350761,Portación/posesión ilícita de armas,No aplica,2026-04-14
INC-0178,COL-019,Santa Catarina,25.67081686633409,-100.46262987448571,Extorsión,No aplica,2026-09-04
INC-0179,COL-019,Santa Catarina,25.674009964741437,-100.46776308689434,Feminicidio y homicidio,Hombre,2026-09-27
INC-0180,COL-019,Santa Catarina,25.6752674764812,-100.47154891210121,Lesiones,No aplica,2026-07-17
INC-0181,COL-019,Santa Catarina,25.675192032455822,-100.46523466082252,Lesiones,No aplica,2026-07-21
INC-0182,COL-019,Santa Catarina,25.666398044982383,-100.4724610454671,Robo de vehículos,No aplica,2026-06-12
INC-0183,COL-019,Santa Catarina,25.666186319584714,-100.47111277258767,Secuestro / privación de la libertad,Hombre,2026-04-27
INC-0184,COL-019,Santa Catarina,25.67203944398814,-100.4717714474786,Asociación delictuosa,No aplica,2026-04-17
INC-0185,COL-019,Santa Catarina,25.677203961402235,-100.48260111655244,Asociación delictuosa,No aplica,2026-08-10
INC-0186,COL-019,Santa Catarina,25.677041372592644,-100.47605243055577,Lesiones,No aplica,2026-04-08
INC-0187,COL-020,Santa Catarina,25.691285329956283,-100.44565654935575,Extorsión,No aplica,2026-08-07
INC-0188,COL-020,Santa Catarina,25.69983379809024,-100.43982679551998,Trata de personas,Mujer,2026-07-27
INC-0189,COL-020,Santa Catarina,25.702199816571408,-100.44278846753113,Feminicidio y homicidio,Hombre,2026-07-19
INC-0190,COL-020,Santa Catarina,25.6924642372257,-100.45759861943854,Asociación delictuosa,No aplica,2026-08-23
INC-0191,COL-020,Santa Catarina,25.69816666762097,-100.43909363634673,Extorsión,No aplica,2026-06-11
INC-0192,COL-020,Santa Catarina,25.6952115506012,-100.44553506410742,Secuestro / privación de la libertad,Hombre,2026-08-25
INC-0193,COL-020,Santa Catarina,25.694161165973398,-100.44145454414198,Feminicidio y homicidio,Hombre,2026-06-07
INC-0194,COL-020,Santa Catarina,25.69775630652839,-100.45848049002976,Feminicidio y homicidio,Hombre,2026-05-19
INC-0195,COL-020,Santa Catarina,25.688719180577202,-100.4480515428971,Portación/posesión ilícita de armas,No aplica,2026-04-11
INC-0196,COL-020,Santa Catarina,25.69617526002188,-100.43883201778439,Asociación delictuosa,No aplica,2026-09-10
INC-0197,COL-020,Santa Catarina,25.687865423014365,-100.45389842850875,Portación/posesión ilícita de armas,No aplica,2026-05-18
INC-0198,COL-020,Santa Catarina,25.68574612066122,-100.4443811711618,Extorsión,No aplica,2026-09-16
INC-0199,COL-020,Santa Catarina,25.70055183003117,-100.44496006194095,Narcotráfico (narcomenudeo),Hombre,2026-08-02
